{
  "project_info": {
    "project_number": "401127459838",
    "project_id": "evaluacion4-b6375",
    "storage_bucket": "evaluacion4-b6375.firebasestorage.app"
  },
  "client": [
    {
      "client_info": {
        "mobilesdk_app_id": "1:401127459838:android:fbb713f4bd3f76251b0eaf",
        "android_client_info": {
          "package_name": "com.example.appprueba"
        }
      },
      "oauth_client": [],
      "api_key": [
        {
          "current_key": "AIzaSyBUSrR-zmFldeCiUFQYUpjlkGpE7NTVgTA"
        }
      ],
      "services": {
        "appinvite_service": {
          "other_platform_oauth_client": []
        }
      }
    }
  ],
  "configuration_version": "1"
}